{
    "omega": 0.05098574468456718,
    "alpha": 5.493869764659916e-06,
    "beta": 1.0003343837310384e-06
}