{
    "omega": 7.90215035587745,
    "alpha": 0.0001966860268608528,
    "beta": 1.0030430007066513e-06
}