{
    "omega": 0.0015558108069129244,
    "alpha": 0.00013139875357563713,
    "beta": 1e-06
}