{
    "omega": 0.20569667075778852,
    "alpha": 9.167585101488681e-06,
    "beta": 1.0004328817054026e-06
}