{
    "omega": 0.02437763360876488,
    "alpha": 2.4422921243249952e-06,
    "beta": 1.0000645980877669e-06
}