{
    "omega": 1.0000000000287557e-06,
    "alpha": 1.0000000000287557e-06,
    "beta": 1.0
}