{
    "omega": 0.13358123511761733,
    "alpha": 9.221723051451452e-06,
    "beta": 1.0005550100371838e-06
}