{
    "omega": 0.28654276394141814,
    "alpha": 1.243952320030531e-05,
    "beta": 1.0007993829876503e-06
}