{
    "omega": 0.0005484415254176872,
    "alpha": 0.3107197029544216,
    "beta": 0.04120554089786408
}