{
    "omega": 4.5043651893383645,
    "alpha": 1.0000001114489675e-06,
    "beta": 1.000000000975333e-06
}