{
    "omega": 0.3451866602881637,
    "alpha": 1.4045996205338736e-05,
    "beta": 1.0007442279294247e-06
}