{
    "omega": 0.01216644514215659,
    "alpha": 2.2698214899905968e-06,
    "beta": 1.0002039075509063e-06
}