{
    "omega": 0.0006980197115207139,
    "alpha": 0.21742060441540698,
    "beta": 1e-06
}