{
    "omega": 0.49400272576264137,
    "alpha": 2.819199658799354e-05,
    "beta": 1.0007585085170872e-06
}