{
    "omega": 0.5510237691407838,
    "alpha": 0.9998841059909932,
    "beta": 1.0015067522415715e-06
}