{
    "omega": 0.011300569969369883,
    "alpha": 5.489304252083433e-05,
    "beta": 1.1620805365523681e-05
}