{
    "omega": 0.0030072143585064934,
    "alpha": 0.28631055043006925,
    "beta": 0.20304117763455112
}