{
    "omega": 0.003866300302994473,
    "alpha": 0.26313148224754584,
    "beta": 1e-06
}