{
    "omega": 0.015981806329307346,
    "alpha": 6.105324215603874e-06,
    "beta": 1.0003898880549078e-06
}