{
    "omega": 0.0034428572084477527,
    "alpha": 0.29265506003235514,
    "beta": 1e-06
}